firstName,lastName,email,phone,cpf,cnpj,cep,city,state,street,number,extraInfo
Thiago,Moura,mfuller@example.net,(61) 58446-4098,59496021700,43584409265087,01043-000,São Paulo,SP,Rua Pedro Nunes,486,Vila Sapopemba
John,Williams,hda-mata@example.org,(53) 56925-9109,88138069147,,01043-900,São Paulo,SP,Rua Caetano Fiorese,601,Vila Nova Utinga
Ana Beatriz,Costa,sherylcastaneda@example.com,(81) 67717-0696,82887804588,60961960846928,01043-901,São Paulo,SP,Rua Primeiro de Junho,774,Chácara Gaivotas
Denise,Jenkins,marianacorreia@example.org,(31) 05526-9440,47903933990,,01043-902,São Paulo,SP,Praça Senhor do Bonfim,824,Parque São Luís
Daniel,Daniels,jessica30@example.org,(95) 03747-5867,44320131096,66176001519782,01043-903,São Paulo,SP,Rua Elias de Almeida,365,Parque Casa de Pedra
Barbara,Souza,jason90@example.org,(62) 74587-2961,20468422196,,01043-904,São Paulo,SP,Rua Duque de Saldanha,997,Jordanópolis
Marissa,Duarte,laurenshaffer@example.net,(74) 89866-6424,52900042119,64713864299929,01043-905,São Paulo,SP,Rua Pedro Leme,683,Parque Boa Esperança
Carlos Eduardo,da Paz,jenkinslisa@example.com,(86) 28165-9761,61199918083,,01043-906,São Paulo,SP,Rua Corruira do Brejo,472,Conjunto Residencial José Bonifácio
Michelle,Castro,ana-julia72@example.net,(97) 49175-0842,64255414580,41303854648515,01043-907,São Paulo,SP,Rua Primeiro de Janeiro,345,Vila Clementino
Jill,Ramos,emanuella81@example.org,(54) 84550-0703,30753535661,,01043-908,São Paulo,SP,Rua Marcondésia,204,Chácara Monte Alegre
Gabrielly,da Paz,milena69@example.net,(31) 62742-0383,70367908654,55866528256363,01043-909,São Paulo,SP,Rua D,273,Cidade Luz
Vitor Hugo,Griffin,shawnnoble@example.net,(99) 83271-4589,39873109609,,01044-000,São Paulo,SP,Avenida Onze de Junho,925,Vila Clementino
Alex,da Paz,qsilveira@example.com,(69) 61253-4726,03060727503,37635733134303,01044-901,São Paulo,SP,Rua Major Boaventura,641,Parque Artur Alvim
William,Almeida,hfreitas@example.com,(95) 30308-2822,64547877459,,01044-902,São Paulo,SP,Rua Pedro Noel,418,Jardim das Acácias
Marina,Bennett,efox@example.org,(94) 07431-4781,53899699793,00795316027406,01044-903,São Paulo,SP,Rua Pedro Ruimonte,458,Jardim Heloisa
Diogo,Simpson,jerryrobbins@example.org,(16) 96644-0346,45248723027,,01044-904,São Paulo,SP,Rua Meruípe,412,Vila Mariana
James,Rezende,earlknox@example.com,(88) 75335-6392,97952993011,60766617213997,01044-905,São Paulo,SP,Rua Odilon de Almeida,730,Vila Caju
Ana Lívia,Tyler,patelmatthew@example.com,(99) 08878-4992,11241924848,,01044-906,São Paulo,SP,Travessa Vinte e Dois de Abril,137,Jardim Novo Pantanal
Beatriz,Melo,cvieira@example.com,(97) 13839-4245,13042970043,35777540325469,01044-907,São Paulo,SP,Rua 18 de Abril,325,Cidade Antônio Estevão de Carvalho
Robert,Campos,xcorreia@example.com,(21) 57556-9730,20516745662,,01044-908,São Paulo,SP,Rua Almeida Campos,867,Vila Paulicéia
Mariana,Cardoso,joao-miguelnovaes@example.com,(97) 24674-6048,71202438296,95159360944269,01044-909,São Paulo,SP,Rua Monsenhor Salim,386,Jardim das Oliveiras
Aaron,Bell,chloe73@example.com,(75) 53062-8848,60612064450,,01047-000,São Paulo,SP,Rua Sete de Abril,526,Centro
Catarina,Cardoso,rick38@example.com,(73) 54865-5596,74537966106,13920369842955,01047-904,São Paulo,SP,Rua Joaquim Caetano,505,Cidade Nova América
Otávio,Morris,charlesevans@example.com,(19) 91840-6353,32687325694,,01047-905,São Paulo,SP,Rua Pedro Pires,162,Vila Carrão
João Vitor,Ribeiro,teixeiramilena@example.com,(82) 70453-3605,46342041857,47211964118810,01047-906,São Paulo,SP,Rua Senhor do Monte,342,Água Fria
Enrico,Gonçalves,brenda05@example.com,(61) 23438-3874,23003177613,,01047-907,São Paulo,SP,Travessa Vinte e Dois de Abril,94,Jardim Novo Pantanal
Pedro Henrique,Gomes,kyoung@example.org,(13) 18389-6495,58069492309,45023543398182,01047-908,São Paulo,SP,Rua Soldado Antônio Aparecido,106,Parque Novo Mundo
Lara,Dean,smithaustin@example.net,(13) 81001-2809,48186615202,,01047-909,São Paulo,SP,Rua Ramos de Almeida,327,Real Parque
Matheus,Stewart,amandahall@example.org,(83) 37627-3027,29906970472,40818074471602,01047-910,São Paulo,SP,Travessa Particular Vinte e Nove de Janeiro,452,Jardim Lourdes
Ana Carolina,Ramirez,knoxtiffany@example.com,(37) 13450-5059,35207809687,,01047-911,São Paulo,SP,Rua Caetano Augusto,776,Mooca
Claudia,Davis,carvalhoalexia@example.com,(32) 96953-5497,37425183480,22575611487300,01050-030,São Paulo,SP,Rua Dirceu de Almeida,626,Parque São Domingos
Bianca,Lewis,nunesjoao-pedro@example.com,(42) 47267-1179,66027011939,,01050-901,São Paulo,SP,Rua José de Maio,577,Interlagos
Milena,Jones,maria83@example.com,(27) 04093-2402,32189216354,52458158906137,01050-903,São Paulo,SP,Rua Caetano Miglioli,241,Ipiranga
Kyle,Jones,henrique56@example.net,(68) 45153-3393,59615559091,,01050-904,São Paulo,SP,Rua N,535,Jardim Brasília (Zona Norte)
Robert,Gates,davi-lucca26@example.com,(41) 59366-2231,05891462893,93820829506716,01103-000,São Paulo,SP,Rua Professor Gonzaga Duque,775,Vila Pompéia
Sarah,Cardoso,nascimentomaria@example.org,(86) 34181-9193,03611380598,,01104-000,São Paulo,SP,Rua Frutos de Maio,214,Vila Bela
Brandon,Viana,nicolas66@example.com,(46) 72517-4737,72485414947,80616067803068,01104-001,São Paulo,SP,Rua Pedro Roman,938,Jardim Santa Terezinha (Parelheiros)
Shelley,Walters,kelsey04@example.org,(37) 56631-8712,05048608283,,01136-000,São Paulo,SP,Rua Frutos de Maio,40,Vila Bela
Michelle,Lopes,cole93@example.com,(33) 13281-5312,68478739149,80430926598507,01136-001,São Paulo,SP,Rua Vinte e Cinco de Janeiro,137,Parque Primavera
Murilo,Ford,chandlerstacy@example.com,(11) 93585-4812,26011608370,,01214-000,São Paulo,SP,Rua Rio de Janeiro,9,Jardim Marabá
Tonya,Melo,johnpacheco@example.com,(34) 27374-8877,31467323861,56170378922826,01214-100,São Paulo,SP,Rua Doze de Outubro,212,Lapa
Laís,Peixoto,vianaemanuella@example.org,(83) 28336-2513,17074363715,,01214-999,São Paulo,SP,Rua Sete de Outubro,955,Chácara Califórnia
Murilo,Oliveira,annavalentine@example.com,(63) 98065-4925,39777073534,71875732322618,01222-000,São Paulo,SP,Rua Caetano Rodrigues,790,Jardim Nove de Julho
Bryan,Araújo,martinezchad@example.org,(69) 76950-9029,18102560975,,01222-001,São Paulo,SP,Rua Primeiro de Maio,653,Cantinho do Céu
Sofia,da Paz,bpinto@example.org,(53) 28907-8615,22472453310,96183629526047,01222-901,São Paulo,SP,Rua C,38,Cidade Luz
Enzo Gabriel,Ramos,barbara48@example.net,(99) 48133-4433,73254912551,,01222-902,São Paulo,SP,Avenida Bosque da Saúde,829,Saúde
Brenda,Green,vianamaysa@example.net,(87) 18554-7353,62660558485,79179476242799,01240-010,São Paulo,SP,Rua Soldado Rafael Pereira,489,Parque Novo Mundo
Maria Fernanda,Burnett,da-motahelena@example.org,(62) 58481-1114,27367298976,,01246-100,São Paulo,SP,Rua Marco Ricci,780,Jardim das Imbuias
Alana,Ramos,anthony71@example.com,(16) 76224-2357,70080636284,41693533791962,01322-010,São Paulo,SP,Rua Suruí,401,Vila Gomes Cardim
Kayla,Brown,asilveira@example.org,(86) 74256-8204,96623597530,,01322-900,São Paulo,SP,Rua Monsenhor Manoel Gomes,894,Vila Zat
Camila,Cox,jriley@example.com,(19) 21295-7699,51570825173,07891485784184,01323-010,São Paulo,SP,Rua São Caetano,151,Luz
James,Fernandes,antoniopinto@example.com,(55) 95439-7502,49769726311,,01323-070,São Paulo,SP,Rua Primeiro de Maio,979,Cantinho do Céu
Davi Luiz,Jimenez,maria-ceciliabarros@example.org,(55) 33315-6951,00841505306,01935178571267,01324-000,São Paulo,SP,Rua Nossa Senhora da Lapa,313,Lapa
Laura,Farias,stella80@example.org,(61) 43127-3807,69466686186,,01324-001,São Paulo,SP,Largo Treze de Maio,22,Santo Amaro
Benjamin,Clark,hallyolanda@example.org,(24) 82994-2804,73155328622,43320696708025,01324-900,São Paulo,SP,Rua Dom Pedro,997,Cantinho do Céu
Taylor,Figueroa,carlos-eduardoaraujo@example.com,(48) 58784-5458,74507758246,,01324-901,São Paulo,SP,Rua Almeida Serra,986,Vila Constança
Mary,Souza,kevincorreia@example.com,(18) 91451-9585,11996050770,17946533492015,01326-010,São Paulo,SP,Rua B,930,Cidade Ipava
Julia,Santos,rlopes@example.org,(19) 84264-3101,43573221114,,01327-000,São Paulo,SP,Rua Pedro Anes,900,Vila dos Remédios
Kevin,Souza,ryan17@example.org,(28) 71666-3147,52298029873,92216831962640,01327-001,São Paulo,SP,Rua I,187,Conjunto Residencial Alpes do Jaraguá
Pedro Henrique,Morse,mballard@example.com,(45) 05854-3913,28565038530,,01327-002,São Paulo,SP,Rua Majorie,541,Parque das Paineiras
Daniel,Souza,almeidalucca@example.org,(97) 33119-8263,49911514650,01605919864770,01327-900,São Paulo,SP,Rua Rui Pirozzelli,116,Jardim Belém
Nina,Almeida,juanda-rocha@example.org,(63) 63909-2776,00397478917,,01327-901,São Paulo,SP,Rua José de Almeida,132,Vila Medeiros
Emanuel,Silva,weaverdanielle@example.org,(95) 92751-0398,83433583501,85375825049908,01327-902,São Paulo,SP,Rua Osório Duque Estrada,368,Paraíso
Andrew,Howard,acampos@example.net,(48) 97428-8087,23710037433,,01327-905,São Paulo,SP,Praça Rui Corá,724,Vila Matilde
David,Cohen,wduran@example.com,(95) 54666-2290,44865402713,11495706201339,01327-970,São Paulo,SP,Avenida Duque de Caxias,325,Santa Efigênia
Cauê,da Luz,colleen53@example.org,(13) 43541-8922,23062788224,,01423-080,São Paulo,SP,Rua Marconi,435,Centro
Christopher,Whitney,davi-luiz48@example.org,(17) 63217-1218,86131990549,90041942771107,01448-090,São Paulo,SP,Rua Sete de Abril,134,Centro
Eloah,da Luz,tracypierce@example.net,(88) 18356-5637,86018146118,,01530-010,São Paulo,SP,Rua 2 de Fevereiro,748,Cidade Nova Heliópolis
Fernando,Hatfield,ana-livia98@example.net,(24) 16837-8790,81703286677,46528179349476,02035-000,São Paulo,SP,Rua Pascoal Ruiz,542,Jardim Noronha
Davi,Castro,lucas-gabrielcavalcanti@example.com,(22) 92268-5073,14952692213,,02036-013,São Paulo,SP,Rua Rui Barbosa,841,Cantinho do Céu
Catherine,Farias,joneswilliam@example.com,(21) 03605-0349,84054254462,11226435764043,02046-070,São Paulo,SP,Rua Rainha-do-Bosque,807,Vila Santa Inês
Ann,Jesus,rmoreno@example.com,(94) 82356-2904,73957157218,,02075-041,São Paulo,SP,Rua José de Maio,513,Interlagos
David,Cardoso,urodrigues@example.org,(89) 31251-4915,10626406404,85853536751000,02075-090,São Paulo,SP,Rua Vinte de Março,836,Jardim Felicidade (Zona Norte)
Glenn,Cooper,youngdiane@example.org,(15) 06685-7737,04397322988,,02110-020,São Paulo,SP,Rua Duquesa de Tancos,700,Jardim Ângela (Zona Sul)
João Pedro,Alves,angelica66@example.com,(64) 65525-7473,95919424940,41318701907660,02142-030,São Paulo,SP,Rua Soldado Adir Jorge,639,Jardim Japão
Justin,Farias,scampos@example.com,(87) 51596-9231,56303836631,,02143-020,São Paulo,SP,Rua Domitilia D'Abril,949,Cidade Nova São Miguel
Paulo,Duarte,ana-julia65@example.net,(17) 56482-6604,60625012119,87372207808784,02143-030,São Paulo,SP,Rua Nossa Senhora da Saúde,533,Jardim Previdência
Diogo,Barbosa,joneslori@example.org,(63) 14696-9568,38725141309,,02143-063,São Paulo,SP,Avenida Onze de Junho,594,Vila Clementino
Bryan,Lopez,sschultz@example.com,(49) 89317-4481,46437433795,27749334151672,02143-065,São Paulo,SP,Rua Soldado Bentinho,231,Parque Mandaqui
Krista,Silva,vicki56@example.net,(87) 12391-7217,58685201306,,02144-010,São Paulo,SP,Rua Monsenhor Andrade,240,Brás
Mirella,Hughes,sarah54@example.com,(47) 81227-3801,21534920099,60544839580607,02144-020,São Paulo,SP,Rua Elias de Almeida,531,Parque Casa de Pedra
Marcos Vinicius,Castro,da-cunhalarissa@example.com,(21) 00096-0464,07588491507,,02144-070,São Paulo,SP,Avenida Dezenove de Janeiro,365,Vila Carrão
Emanuel,Long,crocha@example.net,(24) 08590-1280,50145714250,40892517377170,02146-020,São Paulo,SP,Rua B,408,Cidade Luz
Benjamin,Hart,dickersonjoseph@example.com,(93) 25213-9975,89911630170,,02147-050,São Paulo,SP,Avenida Bosque da Saúde,787,Saúde
Maria Vitória,Wheeler,emanuellamelo@example.com,(14) 97246-2024,72754737987,39010841862346,02147-060,São Paulo,SP,Rua B,364,Jardim São Francisco
Russell,Ross,felipe98@example.net,(71) 74864-0752,35643917890,,02147-070,São Paulo,SP,Rua São Pedro,147,Recanto Verde do Sol
Thomas,Hernandez,miguelsantos@example.com,(61) 62495-4136,04633139843,89830413878099,02147-080,São Paulo,SP,Rua Major Freire,773,Vila Monte Alegre
Sherry,Ferreira,vanessa05@example.org,(46) 33546-0297,07398220553,,02147-902,São Paulo,SP,Rua 28 de Outubro,528,Maranhão
Larissa,Sloan,diazstephen@example.com,(37) 67907-4731,01080924701,98834680442839,02176-000,São Paulo,SP,Rua Pascoal Ruiz,747,Jardim Noronha
Yago,Wilson,da-rochacaroline@example.org,(67) 27604-1672,40139725067,,02176-010,São Paulo,SP,Rua Manoel Duque de Carvalho,473,Jardim São Benedito
Igor,Mendes,salazarnathaniel@example.org,(47) 17907-0058,11883058678,56183677576034,02176-040,São Paulo,SP,Rua Suruí,937,Vila Gomes Cardim
Jessica,Pires,denise04@example.org,(53) 44706-8822,35188791200,,02176-050,São Paulo,SP,Rua Manoel Caetano,606,Vila Gumercindo
Maria Vitória,Oliveira,cauecosta@example.net,(17) 57507-1101,83863156447,45649245534306,02176-070,São Paulo,SP,Rua Marconi,418,Centro
Mariane,Carvalho,maria-vitoriaaraujo@example.net,(42) 83624-3458,56050089353,,02177-070,São Paulo,SP,Rua 2 de Fevereiro,748,Cidade Nova Heliópolis
Cauê,Mills,cardosomaria-fernanda@example.org,(27) 47627-4088,74475900026,25964064739597,02178-040,São Paulo,SP,Rua Almeida Maia,365,Jardim Franca
João Lucas,Viana,fmoreira@example.org,(71) 42516-9547,73163271979,,02179-010,São Paulo,SP,Viela Vinte e Sete de Junho,515,Vila Zat
Megan,Thompson,rmoreira@example.org,(82) 35894-1467,22272994520,40700323147804,02179-050,São Paulo,SP,Rua Marcos Aper,896,Jardim Imperador (Zona Leste)
Bruna,Bartlett,monteirogabriela@example.org,(35) 62975-6060,96915147454,,02180-010,São Paulo,SP,Rua Rui Pirozzelli,589,Jardim Belém
Vitória,da Cunha,hburton@example.com,(13) 62069-0799,00617191450,42588209146294,02180-040,São Paulo,SP,Rua Galeno de Almeida,406,Pinheiros
Lindsay,Porto,meganbrown@example.com,(86) 34519-4580,36281250060,,02186-020,São Paulo,SP,Rua Marcos Arruda,955,Catumbi
Hannah,Cruz,martinjohn@example.org,(44) 79264-2060,19283657870,28355113175352,02186-050,São Paulo,SP,Rua Rui Barbosa,578,Vila Ana Rosa
Bethany,Ward,jwebb@example.net,(53) 43330-9835,38629684801,,02186-060,São Paulo,SP,Rua Pedro Paulo,377,Vila Bonilha
Michael,Burns,guilhermecastro@example.com,(13) 93089-1880,03799344349,23495084287613,02186-080,São Paulo,SP,Rua Vinte e Cinco de Fevereiro,245,Vila Dom Pedro II
Melissa,da Costa,michellemoore@example.org,(99) 91338-7111,18028141242,,02186-090,São Paulo,SP,Rua Monsenhor Maggi,11,Jardim São Jorge
Jasmine,Rezende,browndarlene@example.com,(93) 61294-1378,51079696318,80201667930504,02187-010,São Paulo,SP,Rua Almeida Falcão,589,Jardim Helena
Cecília,Moraes,yasmin06@example.com,(89) 92888-6990,50878708642,,02187-020,São Paulo,SP,Rua Odilon de Almeida,843,Vila Caju
Olivia,Wilson,isadora11@example.net,(38) 24593-2508,92551839238,94266179714536,02187-050,São Paulo,SP,Rua Vinte e Cinco de Janeiro,961,Parque Primavera
Stephanie,Silveira,santanajoshua@example.net,(33) 49593-6511,49178250757,,02187-070,São Paulo,SP,Rua Xavier de Almeida,832,Ipiranga
Isaac,Bowman,vfogaca@example.com,(16) 95568-2011,29590169988,70194920397464,02188-010,São Paulo,SP,Rua Flor de Maio,388,Jardim das Camélias
Anita,Stanley,laisferreira@example.com,(99) 21978-2560,32611259429,,02188-090,São Paulo,SP,Rua Cinco de Maio,40,Vila Esperança
Luiz Felipe,Fogaça,danny28@example.com,(55) 96626-9485,22921241579,70161686194870,02189-070,São Paulo,SP,Rua Vinte e Dois de Fevereiro,74,Vila Ré
Luiz Fernando,Novaes,ana-lauragoncalves@example.com,(95) 34139-2999,13939290440,,02190-010,São Paulo,SP,Rua Seis de Maio,529,Eldorado
Alan,da Rocha,elisa17@example.net,(71) 57125-0597,71003662161,31914538901361,02201-130,São Paulo,SP,Rua Major Júlio Valente,587,Parque Doroteia
João Gabriel,Ramos,joanasouza@example.com,(17) 83691-1068,84003695135,,02204-000,São Paulo,SP,Rua Rui Barbosa,449,Cantinho do Céu
Bradley,Nascimento,leslie40@example.net,(21) 64227-9288,41206741775,95893447858857,02204-001,São Paulo,SP,Rua Pedro Noel,791,Jardim das Acácias
Danielle,Duarte,cviana@example.com,(18) 78595-0129,61034281658,,02204-060,São Paulo,SP,Rua Trinta de Outubro,558,Socorro
Bruna,Reeves,houstonnathaniel@example.com,(61) 21243-5047,06682318154,12889069631946,02206-000,São Paulo,SP,Rua Nossa Senhora da Paz,699,Jardim Helena
Tracy,Mejia,jcavalcanti@example.org,(93) 68805-1319,44547063443,,02206-001,São Paulo,SP,Rua Corruiraçu,803,Jardim Vista Alegre
Eric,Barbosa,danielmendes@example.com,(98) 86445-1841,37335899559,72803186748300,02206-002,São Paulo,SP,Rua Xavier de Almeida,23,Ipiranga
João,Cross,sophierodrigues@example.com,(63) 40234-0117,70906583250,,02218-030,São Paulo,SP,Rua Monsenhor Tabosa,688,Parque Císper
Brian,Barber,tamaraharrison@example.org,(89) 05321-9814,33968049705,36696003871370,02232-000,São Paulo,SP,Rua Major Quedinho,953,Centro
Connor,Lopes,isabelly68@example.net,(71) 04634-9662,26019877744,,02241-070,São Paulo,SP,Rua Monsenhor Moura,554,Vila Leopoldina
Sofia,Ortiz,curtis43@example.net,(94) 98579-6109,95843042839,24729820129899,02247-040,São Paulo,SP,Rua Nossa Senhora da Saude,374,Vila das Mercês
Karen,da Luz,ystokes@example.org,(45) 64203-9155,42009714105,,02250-210,São Paulo,SP,Rua Mauro de Almeida,753,Cidade Tiradentes
Ian,Sales,leerachel@example.com,(75) 30894-1550,50077193156,00916423454424,02254-190,São Paulo,SP,Avenida Bosque da Saúde,1,Saúde
Patty,Park,moreiraalexia@example.com,(67) 24291-5154,99634531989,,02258-230,São Paulo,SP,Rua Caetanópolis,977,Jaguaré
Alexia,Reed,otavioda-mata@example.net,(83) 99518-9679,43857341947,65048956932990,02268-030,São Paulo,SP,Rua Soldado José Reymão,799,Parque Novo Mundo
Elisa,Carr,rezendeisis@example.com,(16) 92660-1011,12004704608,,02268-040,São Paulo,SP,Rua Duque de Saldanha,958,Jordanópolis
Elaine,da Cunha,ahorton@example.net,(62) 85418-9324,37017693892,64769954979134,02275-040,São Paulo,SP,Rua Soldado João Rodrigues,8,Jardim Japão
João,Aragão,davi-luiz02@example.com,(75) 88687-6402,93160569187,,02279-050,São Paulo,SP,Rua K,784,Jardim Peri
Alexandre,Costela,mendesjoao-pedro@example.org,(51) 93653-8714,56945939286,55655731201650,02302-010,São Paulo,SP,Rua São Caetano,275,Luz
Marissa,Kennedy,mercedesshepard@example.com,(47) 86702-3873,99372290904,,02309-050,São Paulo,SP,Rua Soldado Américo Rodrigues,501,Parque Novo Mundo
Jane,Carvalho,xclarke@example.org,(11) 51210-0221,86224168954,25602009836838,02311-015,São Paulo,SP,Rua Professor Gonzaga Duque,475,Vila Pompéia
Luiz Henrique,Hart,portomelissa@example.net,(51) 38909-7044,45471490207,,02317-262,São Paulo,SP,Rua C,587,Jardim das Fontes
Lorena,Patterson,livingstonchristopher@example.org,(71) 76809-7487,23482526001,31576968667881,02319-120,São Paulo,SP,Rua Pedro Doll,866,Santana
Jodi,Mercado,joao-vitor27@example.net,(87) 96807-3243,98170976847,,02320-010,São Paulo,SP,Rua Domitila D'Abril,801,Cidade Domitila
Diego,Rocha,vieiragustavo-henrique@example.org,(14) 00901-9841,30180269852,10695734387767,02320-170,São Paulo,SP,Rua Campo Maior,287,Cidade Patriarca
Davi Luiz,Farias,robert32@example.org,(19) 85292-8018,74398441492,,02322-000,São Paulo,SP,Rua Marco Bertuolo,593,Vila das Mercês
Luna,Avila,michaelyates@example.com,(95) 83459-5958,42874702307,91609919875503,02322-100,São Paulo,SP,Rua João Pedro,115,Capela do Socorro
Alana,Rezende,pedropereira@example.net,(71) 87574-4316,22420525191,,02323-270,São Paulo,SP,Rua Nossa Senhora da Luz,898,Vila Gustavo
Eloah,Lester,wilsonmichael@example.com,(95) 83313-3489,49664923354,57756402109903,02323-280,São Paulo,SP,Rua Soldado Gentil Guimarães,887,Parque Novo Mundo
Cecília,Graham,calebe85@example.com,(98) 19801-1834,12163249565,,02323-730,São Paulo,SP,Rua Marco Tamassia,892,Jardim Imperador (Zona Sul)
Lívia,Rezende,luiz-gustavogomes@example.net,(17) 65921-4674,00689185774,87776753544198,02326-115,São Paulo,SP,Rua Caetano Juliano,68,Interlagos
Alyssa,Jimenez,rphillips@example.net,(54) 71915-7719,51836657617,,02332-040,São Paulo,SP,Rua Afonso Rui,57,Vila Santa Lúcia
Isaac,Carter,mcfarlandmisty@example.com,(99) 66464-1267,18308523293,11903023359830,02338-040,São Paulo,SP,Rua Monsenhor Meireles,861,Jardim Penha
Kaique,Hughes,pietro62@example.net,(74) 54147-3846,75695371732,,02338-060,São Paulo,SP,Rua Soldado Francisco Tamborim,402,Parque Novo Mundo
Micheal,Gonçalves,leonardo77@example.com,(67) 93884-0673,41029026190,27535042808873,02352-130,São Paulo,SP,Rua B,188,Jardim Raposo Tavares
Debra,Hatfield,moraesenzo@example.org,(82) 34576-2195,57752752096,,02353-060,São Paulo,SP,Rua Flor de Maio,775,Jardim das Camélias
Devin,Miller,rafaela71@example.com,(96) 28998-6003,67908653308,73705543787773,02355-140,São Paulo,SP,Rua Sete de Abril,154,Centro
Connie,da Cunha,joao-miguelnunes@example.com,(34) 28232-8340,79607314204,,02355-270,São Paulo,SP,Rua Major Basílio,862,Vila Bertioga
Barry,Barros,tsheppard@example.net,(82) 65257-5064,49203818081,36125091206772,02360-171,São Paulo,SP,Rua Pedro Doll,50,Santana
Alexandre,Cruz,isimpson@example.com,(32) 05482-5623,92873176237,,02360-251,São Paulo,SP,Travessa Caetano Gama,662,Vila Medeiros
John,Costa,qsanders@example.com,(47) 33821-4145,83241846512,70517696803753,02360-281,São Paulo,SP,Rua Corruiraçu,439,Jardim Vista Alegre
Jason,Owen,emyers@example.org,(47) 27547-9766,03212202777,,02362-075,São Paulo,SP,Rua Almeida Júnior,731,Jardim Alvorada (Zona Sul)
Luana,Carvalho,da-luzluiz-fernando@example.net,(98) 69324-2697,92310880337,81410266118962,02363-100,São Paulo,SP,Rua 28 de Outubro,857,Maranhão
Emilly,Watson,hhuang@example.net,(28) 63857-8861,77585244606,,02366-110,São Paulo,SP,Rua Monsenhor Meireles,833,Jardim Penha
Emanuella,Price,samuelcampbell@example.com,(21) 49757-5718,75777401449,84748780410553,02371-000,São Paulo,SP,Rua Dezoito de Fevereiro,229,Chácara Mafalda
Nicolas,Caldeira,jda-cunha@example.org,(11) 55209-3969,71221445189,,02372-010,São Paulo,SP,Rua Major Quedinho,702,Centro
Lisa,Golden,hcastro@example.net,(81) 45398-8767,34074532808,71779475890341,02378-250,São Paulo,SP,Rua Soldado Teonilo de Souza,316,Conjunto Habitacional Marechal Mascarenhas de Morais
Lynn,Fogaça,neil53@example.com,(75) 56206-7548,77386957149,,02404-000,São Paulo,SP,Rua Soldado José Higaskino,186,Jardim Japão
Erik,Poole,gustavo-henriquegoncalves@example.org,(67) 74034-9468,86064169672,18474408411039,02404-001,São Paulo,SP,Rua Sete de Abril,674,Centro
Carolyn,Ferreira,tbonilla@example.net,(45) 71641-6485,80719162009,,02407-090,São Paulo,SP,Rua Caetano Beni,133,Jardim Almeida Prado
Lavínia,Pinto,lorenzomelo@example.com,(71) 57376-1405,58232737972,75760229764506,02418-090,São Paulo,SP,Travessa Primeiro de Abril,480,Conjunto Habitacional Vila Nova Cachoeirinha
Ana Beatriz,Young,williamskurt@example.org,(37) 90771-4710,94158593778,,02442-165,São Paulo,SP,Rua Major Alberto Barbosa,791,Penha de França
Pedro,Peterson,drobinson@example.org,(48) 92968-0406,18091109989,70033237963904,02467-030,São Paulo,SP,Rua Soldado João Rodrigues,713,Jardim Japão
Shawn,Duarte,jcostela@example.net,(53) 88253-4396,55965770499,,02470-060,São Paulo,SP,Rua Armando D'Almeida,988,Jardim Rizzo
Heidi,Herrera,cooperjason@example.org,(62) 82641-3422,89037416330,47383509855146,02478-130,São Paulo,SP,Rua Monsenhor Andrade,767,Brás
Emily,Campos,ana-clara70@example.com,(84) 83129-3098,06939737812,,02523-080,São Paulo,SP,Rua Miguel de Almeida,800,Imirim
Rebeca,Pacheco,costelalorena@example.org,(85) 58491-5654,47414938816,23009353871108,02561-020,São Paulo,SP,Rua Soldado Paulo Damázio Rola,443,Conjunto Habitacional Marechal Mascarenhas de Morais
Luiz Henrique,Murphy,wmiller@example.org,(84) 34252-4209,06720439553,,02562-110,São Paulo,SP,Avenida Monsenhor Agnelo,966,Vila Progresso (Zona Leste)
Jeffery,Gonçalves,azevedocaua@example.com,(33) 08478-7105,08965507022,87448160400796,02567-203,São Paulo,SP,Rua D,601,Jardim Aurélio
Caroline,Pires,lucas-gabrielmartins@example.org,(27) 87634-8153,62935061624,,02615-100,São Paulo,SP,Rua C,232,Jardim Rincão
Anita,da Mata,belltimothy@example.org,(38) 69125-0936,82268167690,99388734334284,02616-120,São Paulo,SP,Rua Caetano Merique,756,Vila Souza
André,Andrade,benicio52@example.net,(12) 80827-5253,20847127931,,02617-090,São Paulo,SP,Rua José de Maio,175,Interlagos
Antônio,Day,cwest@example.org,(95) 35119-6327,58679288888,74114623880415,02634-010,São Paulo,SP,Rua Professor Gonzaga Duque,962,Vila Pompéia
Ana Beatriz,Aragão,silveiraluna@example.org,(18) 00288-2828,98836440355,,02651-140,São Paulo,SP,Rua E,517,Jardim Mar Lune
Kaique,Santos,vianalorenzo@example.net,(68) 99409-3486,38377045990,36420095551960,02680-015,São Paulo,SP,Rua Pedro Rocha,346,Vila Gumercindo
Luiz Otávio,Barros,gmendes@example.net,(99) 00919-3296,84288000068,,02680-075,São Paulo,SP,Rua Seis de Junho,882,Chácara Mafalda
Eduarda,Nolan,kristenjohnson@example.net,(91) 36279-4267,78852778284,11138982209839,02722-100,São Paulo,SP,Rua Caetano Carlini,18,Vila União (Zona Leste)
Michael,Rocha,andersoncourtney@example.net,(49) 46128-1834,00775044962,,02726-050,São Paulo,SP,Rua 21 de Abril,281,Brás
Krystal,Johnson,ramosjennifer@example.net,(53) 38673-8553,84486255526,43645474903373,02762-050,São Paulo,SP,Rua Aída de Marco,380,Jardim das Oliveiras
Davi,Bradshaw,fbarbosa@example.org,(18) 07009-1422,44174898316,,02807-030,São Paulo,SP,Rua Nossa Senhora da Lapa,768,Lapa
Caroline,Duarte,msmith@example.net,(75) 34152-7563,40838696236,93927016029298,02833-060,São Paulo,SP,Rua Monsenhor Naline,91,Parque Jabaquara
Ashley,Lima,petersmorgan@example.org,(45) 37210-0753,05569589856,,02841-190,São Paulo,SP,Rua Caetano Augusto,116,Mooca
Alexander,Martins,pietromoreira@example.com,(35) 89369-8350,70916072010,75004625765666,02842-230,São Paulo,SP,Travessa Primeiro de Abril,140,Conjunto Habitacional Vila Nova Cachoeirinha
Linda,Farias,guzmanvanessa@example.com,(84) 80601-1517,89196512644,,02844-110,São Paulo,SP,Largo Treze de Maio,188,Santo Amaro
Connie,Nelson,davi-luizda-paz@example.org,(68) 02110-7760,83210477345,18854296041953,02846-090,São Paulo,SP,Rua Sete de Abril,154,Centro
Cauã,Fernandes,ramosjoao-guilherme@example.org,(73) 98725-6548,70315354763,,02857-060,São Paulo,SP,Rua Marcos Vieira,688,Jardim Consórcio
Christopher,Burnett,reynoldsbenjamin@example.org,(77) 30710-7837,34872023102,01650663087562,02857-065,São Paulo,SP,Rua Domitilia D'Abril,979,Cidade Nova São Miguel
Alana,Rodriguez,vkeith@example.net,(35) 72556-8257,24737105899,,02857-090,São Paulo,SP,Rua Pedro Roman,976,Jardim Santa Terezinha (Parelheiros)
Elisa,King,whenderson@example.com,(89) 12691-1643,81865133108,96798238171743,02860-070,São Paulo,SP,Rua Sete de Abril,403,Centro
David,Duarte,gutierrezandrea@example.net,(77) 87914-0166,29092939633,,02861-170,São Paulo,SP,Rua Major Sertório,275,Vila Buarque
Nicholas,Dawson,joshua41@example.com,(89) 68561-7937,18089970346,55136399407585,02873-540,São Paulo,SP,Rua Almeida Seabra,58,Vila Nhocune
Curtis,Hopkins,ana-luiza73@example.org,(95) 62935-8478,56759801725,,02878-140,São Paulo,SP,Rua Marconi,202,República
Ryan,Howard,fhaynes@example.com,(12) 43587-3842,54773649208,55997464085500,02913-000,São Paulo,SP,Rua C,960,Jardim Mar Lune
David,Rocha,oliveirajoao-vitor@example.org,(21) 90945-5926,92333800410,,02935-010,São Paulo,SP,Rua Major Sertório,434,Vila Buarque
Camila,Fogaça,correiaerick@example.org,(13) 40514-2508,91494048655,17159974892091,02962-030,São Paulo,SP,Rua Almeida Seabra,911,Vila Nhocune
Samuel,Santos,mooreedward@example.com,(45) 45934-6633,11684109833,,02968-015,São Paulo,SP,Rua Soldado Romeu Coco,427,Parque Novo Mundo
Marcela,Reyes,larissaazevedo@example.com,(37) 20186-0297,93223848673,02935357292031,02975-120,São Paulo,SP,Vila Trinta de Outubro,417,Quarta Parada
Lavínia,Todd,browncrystal@example.com,(12) 78191-3598,85734382159,,02977-300,São Paulo,SP,Rua Xavier de Almeida,599,Ipiranga
Catarina,Rodrigues,nlucas@example.net,(55) 25517-4564,72850999377,44149584876822,02979-150,São Paulo,SP,Rua Marcos Cara,323,Jardim Sabiá II
Joaquim,Gomes,ian44@example.net,(64) 19067-3532,02933771543,,02988-140,São Paulo,SP,Rua Rui Amaral Lemos,87,Vila Dalva
Vitor,Cardoso,njesus@example.com,(15) 70112-5471,98337636505,56060328034052,02990-353,São Paulo,SP,Rua Três de Maio,886,Vila Clementino
Scott,Santana,marina16@example.com,(51) 56272-8713,49583486469,,02990-355,São Paulo,SP,Rua Sete de Abril,136,Centro
Amanda,Johns,codypacheco@example.com,(73) 93782-5878,88739419665,94048914278107,02990-359,São Paulo,SP,Rua Tarde de Maio,662,Jardim Santo Elias (São Miguel)
Davi Lucca,da Cunha,kblack@example.com,(54) 72813-0093,48839969721,,02993-160,São Paulo,SP,Avenida Duquesa de Goiás,784,Real Parque
Antônio,Bailey,qmccarthy@example.net,(95) 79405-0008,00116523573,41980712848761,02997-140,São Paulo,SP,Avenida Vinte e Quatro de Fevereiro,471,Vila Rui Barbosa
James,Wilson,moreirajoao-vitor@example.net,(44) 89399-3981,21594471886,,03003-020,São Paulo,SP,Praça Trinta de Junho,814,Jardim Camargo Novo
Joseph,Santiago,yviana@example.org,(81) 75101-8701,64149128405,14180545753903,03008-000,São Paulo,SP,Rua Xavier de Almeida,72,Ipiranga
Alexia,Moraes,richardhendricks@example.com,(97) 53521-0599,40226371298,,03009-100,São Paulo,SP,Rua Sete de Abril,1,Centro
Larissa,Lima,sydney45@example.net,(96) 32758-9065,29852350498,37087613816746,03011-000,São Paulo,SP,Rua Major Alberto Barbosa,948,Penha de França
Juan,Ferreira,xmendes@example.com,(38) 97923-9370,26178454198,,03013-005,São Paulo,SP,Rua Treze de Maio,77,Bela Vista
Jose,Santos,ana-carolinanovaes@example.org,(79) 56946-2302,64264545323,82392007091611,03015-017,São Paulo,SP,Rua Major Sertório,695,Vila Buarque
Daniela,Lambert,richard15@example.org,(64) 05002-2534,32426360828,,03019-005,São Paulo,SP,Rua Pedro Badra,759,Jardim Oriental
Courtney,Snow,tylersantos@example.net,(33) 93291-0530,07540064765,11108998526446,03020-000,São Paulo,SP,Avenida Onze de Junho,924,Vila Clementino
Cory,Azevedo,cardosoguilherme@example.org,(69) 47781-2367,16134862789,,03025-020,São Paulo,SP,Rua Major Quedinho,518,Centro
Felipe,Nunes,marcos-viniciusgomes@example.com,(99) 67637-0981,87106472794,15210846120374,03035-115,São Paulo,SP,Rua Vinte e Um de Abril,181,Jardim Novo Pantanal
Jonathon,Solis,donna04@example.com,(33) 34275-8982,01376875080,,03041-000,São Paulo,SP,Rua Caetanópolis,917,Jaguaré
Theresa,Velez,morgan30@example.org,(19) 79354-6940,48887639507,55749306956699,03041-900,São Paulo,SP,Rua Marcos Azevedo,945,Pinheiros
Nathan,da Mota,omeyers@example.com,(73) 66179-2278,49970194704,,03047-000,São Paulo,SP,Rua Caetano Teixeira,685,Jardim Virginia Bianca
Stephany,Cochran,alicia31@example.net,(65) 20965-4765,67369890511,71527168916780,03047-007,São Paulo,SP,Rua Soldado Aristides Gouveia,564,Parque Novo Mundo
Antonio,Peixoto,jwall@example.org,(61) 49207-8614,62850848409,,03054-050,São Paulo,SP,Rua 18 de Abril,798,Cidade Antônio Estevão de Carvalho
Corey,Salinas,pmoreira@example.net,(13) 14283-5590,95979808604,04431416505071,03088-010,São Paulo,SP,Rua Soldado Almadio Goering,735,Parque Novo Mundo
Carlos Eduardo,Terry,sarahcaldeira@example.com,(74) 16617-8737,66957009157,,03089-035,São Paulo,SP,Viela Dom Pedro,303,Vila Heliópolis
Francisco,Diaz,kayla11@example.net,(48) 10903-3446,43994156300,04636558446044,03110-020,São Paulo,SP,Rua Manuel de Almeida,600,Vila Guilherme
João Felipe,Harvey,stacy67@example.com,(97) 20127-8545,58211088100,,03162-050,São Paulo,SP,Rua Ruivinha,948,Jardim Santa Maria
Ellen,Heath,ygomes@example.org,(45) 62144-4230,11613668732,80144551867781,03181-010,São Paulo,SP,Rua Nossa Senhora da Luz,473,Vila Gustavo
Anthony,Oliveira,christopher43@example.com,(83) 64858-1734,16501008336,,03184-010,São Paulo,SP,Rua Marco Gagliano,294,Americanópolis
Sheila,Bauer,hicksjames@example.net,(63) 45140-5122,15649370702,90663325036176,03190-070,São Paulo,SP,Rua F,727,Jardim Rincão
Holly,Azevedo,david25@example.org,(97) 26787-2294,47199467044,,03258-020,São Paulo,SP,Rua Monsenhor Maggi,756,Jardim São Jorge
Brittney,Martins,michael27@example.org,(66) 63124-9854,51220986461,26895767685465,03272-130,São Paulo,SP,Rua A,153,Jardim Santa Cruz (Sacomã)
Sara,Cobb,msales@example.net,(66) 74484-3671,13178097180,,03303-050,São Paulo,SP,Rua 17 de Janeiro,139,Paraíso do Morumbi
Milena,Williamson,samanthamoore@example.com,(99) 02858-1136,35496167590,41179441847778,03312-030,São Paulo,SP,Rua Leonor de Almeida,617,Valo Velho
David,Smith,ana-sophiacarvalho@example.org,(38) 52610-9797,72321901233,,03317-020,São Paulo,SP,Vila Marcolina,909,Parque Vitória
Roberto,Morris,tsilva@example.net,(17) 90041-6446,81774371359,64692942731025,03319-140,São Paulo,SP,Rua Major Sertório,233,Vila Buarque
Marcela,Johnson,bjohnson@example.org,(85) 25026-5968,98047543989,,03335-010,São Paulo,SP,Rua B,873,Cidade Ipava
Pedro Lucas,Manning,davi-lucas04@example.com,(89) 76699-7339,32149640465,99962978624812,03335-060,São Paulo,SP,Rua Manoel Caetano,237,Vila Gumercindo
Davi Luiz,Castro,mcleanheather@example.com,(43) 27048-4535,50943432626,,03355-000,São Paulo,SP,Rua Antônio Maio,86,Jardim Previdência
Noah,Compton,tchurch@example.net,(55) 89746-4787,80247767581,13266287470373,03358-020,São Paulo,SP,Rua Soldado José de Andrade,242,Parque Novo Mundo
Jesse,Cunha,limaana-livia@example.org,(85) 70640-5090,81651797480,,03373-033,São Paulo,SP,Rua Marco Giannini,713,Jardim Gilda Maria
Davi Lucca,Duarte,duartelara@example.net,(19) 54985-0464,25889595989,18526054164854,03373-075,São Paulo,SP,Avenida Dezenove de Janeiro,828,Vila Carrão
Vinicius,Barbosa,yagoramos@example.com,(75) 68367-6168,73769983653,,03378-010,São Paulo,SP,Rua Trio Arquiduque,527,Jardim São Bernardo
Laís,Jones,kaique32@example.com,(31) 41400-0740,58515667444,45256781107931,03382-130,São Paulo,SP,Rua Pedro Doll,682,Santana
Anne,Alves,oramos@example.org,(55) 44624-8314,96506452846,,03386-070,São Paulo,SP,Rua Pedroso,269,Bela Vista
Clarice,Moreira,derrick87@example.org,(66) 92824-4822,46331039546,35012071037190,03387-170,São Paulo,SP,Rua F,834,Furnas
Wendy,Rice,michael69@example.com,(45) 29198-0083,16754915773,,03407-040,São Paulo,SP,Rua Nossa Senhora Aparecida,150,Colônia (Zona Sul)
Michael,Cruz,uoliveira@example.com,(67) 59624-2804,44438459842,20225698747361,03429-035,São Paulo,SP,Rua Caetano do Amaral,925,Vila Cruzeiro
Amber,Rezende,christinefields@example.com,(51) 59138-8110,39655927423,,03437-000,São Paulo,SP,Travessa Maiobá,918,Americanópolis
Elisa,Baker,castrogabrielly@example.com,(44) 22074-6671,58513214906,39597218198628,03447-180,São Paulo,SP,Rua Caetano Carlini,612,Vila União (Zona Leste)
Pedro,Azevedo,rogersandrew@example.org,(73) 17330-2298,49919352616,,03449-000,São Paulo,SP,Rua Soldado João de Oliveira,432,Chácara Inglesa
Leonardo,Simpson,schroedershawn@example.com,(12) 68398-9666,22946131203,02687394953406,03449-080,São Paulo,SP,Rua Vinte de Março,700,Jardim Felicidade (Zona Norte)
Melissa,Weiss,carvalholavinia@example.net,(27) 80805-4173,72826484338,,03449-959,São Paulo,SP,Rua E,895,Jardim Mar Lune
Luiz Gustavo,Murphy,richardsonchristine@example.com,(88) 07841-2116,08685343070,86362296436400,03449-970,São Paulo,SP,Rua São Pedro,965,Chácara Gaivotas
Gabriela,Peixoto,joao-pedrofernandes@example.org,(88) 90643-8354,71399286498,,03471-100,São Paulo,SP,Travessa Junho de 1985,556,Parque Fernanda
Nina,Gonzalez,eduardo33@example.com,(79) 10591-2680,51377956822,12488153150933,03505-050,São Paulo,SP,Rua Marcos Ramalho,64,Vila Hermínia
Crystal,Phillips,castrovitor@example.org,(95) 66309-0056,72701525942,,03510-000,São Paulo,SP,Rua Serafina D'Abril,829,Cidade Nova São Miguel
Marcela,Almeida,arthurvieira@example.net,(41) 04612-9676,76543260769,18584930746091,03517-035,São Paulo,SP,Rua D,739,Cidade Tiradentes
Kevin,Mathews,sherry16@example.com,(86) 54684-7860,73496954388,,03543-010,São Paulo,SP,Rua H,20,Jardim Fontalis
Michelle,da Rosa,rachelmcintosh@example.net,(45) 79832-5778,21919311467,41691064367466,03545-000,São Paulo,SP,Rua Pedro Paulo,169,Vila Bonilha
João Felipe,Mills,oroberts@example.org,(24) 26094-0105,01468379836,,03551-110,São Paulo,SP,Rua Marco Martini,207,Jardim Dona Deolinda
Adrienne,Hamilton,raulfreitas@example.org,(11) 66447-0949,48891095443,87393963438844,03557-140,São Paulo,SP,Rua Aracy de Almeida,258,Jardim Indaiá
Davi,Perez,gramos@example.com,(22) 98359-2069,73826336402,,03560-040,São Paulo,SP,Rua Marconi,936,Centro
Jennifer,Porto,shelly61@example.org,(15) 90474-9680,07143984620,30062245881208,03563-080,São Paulo,SP,Rua Caetano Basso,704,Parque Savoy City
Mark,Robbins,yuri09@example.org,(82) 39542-5709,97751070323,,03565-020,São Paulo,SP,Rua Joaquim Caetano,93,Cidade Nova América
Kevin,Silveira,carterconnie@example.net,(63) 35589-3921,73826036603,27464987884866,03569-030,São Paulo,SP,Rua Pedroso,410,Bela Vista
Luiz Miguel,Gomes,melissa79@example.com,(62) 99071-0347,50670217565,,03576-100,São Paulo,SP,Rua Campo Maior,163,Cidade Patriarca
Marcos Vinicius,Monteiro,ana-clarafarias@example.org,(98) 66584-7245,85569000038,59710920775563,03584-130,São Paulo,SP,Rua Soldado Rafael Pereira,383,Parque Novo Mundo
Douglas,Pinto,kevin09@example.net,(12) 64274-7797,66418908996,,03607-010,São Paulo,SP,Rua Nossa Senhora da Lapa,164,Lapa
Vitor,Moraes,yvieira@example.net,(35) 42640-8127,44599744794,42367773436870,03616-020,São Paulo,SP,Rua Aracy de Almeida,622,Jardim Indaiá
Bernardo,Rezende,nogueiravicente@example.com,(45) 14990-2634,18809210735,,03626-010,São Paulo,SP,Travessa 26 de Outubro,328,Jardim Nazareth
Nicole,Roach,lpinto@example.com,(64) 88648-7998,77670656859,22260916995816,03632-060,São Paulo,SP,Rua Sete de Abril,864,Centro
Antônio,Lara,novaesmaria-julia@example.org,(79) 03676-0458,77480796250,,03633-000,São Paulo,SP,Rua Fausto Delduque,226,Campo Belo
Stella,Garrett,alexia72@example.net,(14) 59489-8377,11028853637,06800781115403,03638-070,São Paulo,SP,Rua Major Ari Gomes,192,Vila Mazzei
Laís,Freitas,owall@example.org,(83) 22568-5347,83032921880,,03642-020,São Paulo,SP,Rua Major Quedinho,807,Centro
Maria,Mendez,lori14@example.org,(69) 44825-8611,41220571830,30062555055616,03648-080,São Paulo,SP,Rua Caetano Negro,136,Jardim Colorado
Thomas,Wright,robert52@example.com,(48) 24014-7342,28095467464,,03651-020,São Paulo,SP,Rua Dom Pedro,864,Jardim Apurá
Arthur,Alves,gabriel12@example.com,(28) 80045-8045,56217884607,53577610347739,03651-030,São Paulo,SP,Rua Major Ari Gomes,184,Vila Mazzei
Austin,Williams,isabelly54@example.net,(22) 82526-2982,53951897775,,03651-110,São Paulo,SP,Praça Trinta de Junho,803,Jardim Camargo Novo
Bruno,Carter,erik07@example.net,(34) 41492-6959,99275863458,05509749992002,03668-060,São Paulo,SP,Rua Soldado Francisco Franco,19,Parque Novo Mundo
William,Nelson,tracysmith@example.org,(49) 60116-6406,06521528211,,03677-080,São Paulo,SP,Rua Xavier de Almeida,529,Ipiranga
Justin,Fernandes,yvonne03@example.com,(97) 81531-8815,27266474728,63141424563328,03694-110,São Paulo,SP,Rua Pedro Setti,71,Vila Paiva
Troy,Viana,sophia43@example.org,(73) 44111-0054,09860377707,,03710-110,São Paulo,SP,Rua Treze de Maio,35,Bela Vista
Nina,Vieira,perezeileen@example.org,(91) 15310-4880,60279538618,25225077021511,03721-150,São Paulo,SP,Rua Pedro Cubas,709,Piqueri
Dylan,Clark,maria44@example.net,(35) 42344-3039,33403522750,,03727-040,São Paulo,SP,Avenida Onze de Junho,907,Vila Clementino
Juliana,Ramos,wchoi@example.net,(33) 59472-1685,52113301458,10974598724414,03731-165,São Paulo,SP,Rua Pepa Ruiz,7,Jardim Edith
Isabel,Reeves,eduardofreitas@example.com,(63) 79636-5558,50896127737,,03734-090,São Paulo,SP,Rua Quatorze de Abril,761,Jardim São Jorge
Maria Sophia,Lima,kennethhenderson@example.net,(35) 74396-8596,46180284245,23464411370062,03736-090,São Paulo,SP,Rua Dois de Janeiro,830,Vila Salete
Juliana,Ferreira,donnaphillips@example.net,(98) 87273-3451,81517182000,,03755-120,São Paulo,SP,Rua Pedro,194,Vila Albertina
David,Mahoney,thales63@example.org,(14) 06035-1894,11936200740,43597731423800,03756-050,São Paulo,SP,Rua Pedro Roget,279,Jardim Vivan
Gustavo,Mann,lindsey47@example.com,(31) 58331-1521,22604457130,,03758-020,São Paulo,SP,Rua Pedro Setti,424,Vila Paiva
Maria Fernanda,Smith,duartelucas@example.org,(99) 58860-9263,30009243534,28616930768059,03801-060,São Paulo,SP,Rua Soldado Aristides Gouveia,367,Parque Novo Mundo
Maitê,Fernandes,hernandezheather@example.org,(93) 76680-4000,49080094811,,03804-040,São Paulo,SP,Rua Rui Amaral Lemos,979,Vila Dalva
Luiz Fernando,Smith,oda-mata@example.org,(47) 63960-3541,23695399686,14220569490166,03807-110,São Paulo,SP,Rua Palma de Maiorca,491,Conjunto Residencial Paraíso
Nicholas,Martins,charlesward@example.net,(28) 61492-5526,84305025051,,03811-020,São Paulo,SP,Avenida Onze de Junho,180,Vila Clementino
Brandon,Williams,shawjeremy@example.net,(71) 20942-9510,01644160803,48488162259043,03812-030,São Paulo,SP,Rua Major Paladino,982,Vila Ribeiro de Barros
Shelby,Sales,costelaenzo-gabriel@example.org,(55) 32600-2023,41585865770,,03819-300,São Paulo,SP,Rua Major Sertório,618,Vila Buarque
Diego,Allen,gomesisabella@example.com,(48) 21978-6756,39495245761,29370874852542,03912-180,São Paulo,SP,Rua Primeiro de Janeiro,217,Vila Clementino
Cauã,Hernandez,paula78@example.net,(98) 30038-1020,04038149609,,03917-050,São Paulo,SP,Rua Curruíra,603,Vila Aurora
Christopher,Oliveira,anthony52@example.com,(75) 47494-0985,59974720869,51899855047362,03924-130,São Paulo,SP,Rua Ursa Maior,4,Cidade Satélite Santa Bárbara
Heloísa,Teixeira,azevedoisadora@example.net,(47) 18822-3623,69342539904,,03927-040,São Paulo,SP,Rua Maiorca,602,Jardim São Bento Novo
Vinicius,Vasquez,robertnunez@example.com,(79) 93032-1483,43018682750,58999330807750,03935-045,São Paulo,SP,Rua B,721,Cidade Ipava
Jennifer,Casey,bridgesdustin@example.net,(15) 36046-9602,24827697019,,03950-000,São Paulo,SP,Rua Iruí,856,Vila Germinal
Ana Beatriz,Peixoto,hpereira@example.org,(33) 65552-7635,70979286034,16564511489230,03950-011,São Paulo,SP,Rua Marco Aurélio,936,Vila Romana
Isabel,Brown,gwolfe@example.net,(63) 89303-6419,65532637105,,03951-040,São Paulo,SP,Rua Major Walter Carlson,140,Jardim São Jorge (Raposo Tavares)
Dean,Lewis,kellybrown@example.net,(32) 06591-3882,73810414565,37239759118728,03959-090,São Paulo,SP,Rua E,492,Jardim Nélia
John,Williams,qstanley@example.org,(63) 10885-6807,98383718900,,03968-005,São Paulo,SP,Rua Major Diogo,618,Bela Vista
Valentina,Turner,sbrady@example.net,(93) 28819-1761,19986094135,07802719237365,03977-050,São Paulo,SP,Rua Soldado José Reymão,569,Parque Novo Mundo
Yuri,Edwards,agatha19@example.net,(81) 25893-1484,64938742462,,03977-085,São Paulo,SP,Rua Almeida Campos,441,Vila Paulicéia
Jerry,Rodrigues,pattersontyler@example.com,(93) 04327-5389,25311950765,61845720255728,03977-150,São Paulo,SP,Rua Nossa Senhora do Carmo,444,Jardim Nova Conquista
Tiffany,Espinoza,npinto@example.org,(96) 99501-6166,76478444317,,03977-170,São Paulo,SP,Rua N,335,Jardim Brasília (Zona Norte)
Julia,Roberts,daniel08@example.net,(73) 73799-9180,25930129193,96818087241975,03977-190,São Paulo,SP,Rua Mauro de Almeida,727,Cidade Tiradentes
Carol,Souza,qdas-neves@example.org,(89) 56929-6605,28080852650,,03977-200,São Paulo,SP,Rua Marconi,680,República
Vanessa,Mcgee,moniquecarey@example.org,(28) 09879-0427,58748851108,02274838737002,03977-260,São Paulo,SP,Rua Corruira do Brejo,180,Conjunto Residencial José Bonifácio
Maria Luiza,Walker,mayscassandra@example.org,(85) 86771-7792,48979479875,,03977-310,São Paulo,SP,Rua Alfredo Ruiz,730,Vila Itaberaba
Courtney,Gutierrez,jesusdavi@example.org,(88) 83989-7453,86191464673,32943041211907,03978-760,São Paulo,SP,Rua Sete de Abril,236,Centro
Maria Vitória,da Luz,robert62@example.com,(27) 24091-1254,39418818922,,04001-120,São Paulo,SP,Avenida Onze de Junho,491,Vila Clementino
Nancy,Duarte,camilacardoso@example.net,(95) 80181-9188,31915200156,31821031654250,04011-080,São Paulo,SP,Rua Pedro Alba,49,Jardim Elisa Maria
Jack,Santos,salesnina@example.net,(42) 51341-3236,22444356799,,04012-020,São Paulo,SP,Vila José Lobosque,716,Brás
Alana,Barros,franciscocampos@example.com,(14) 23526-7403,96872950072,58747316611198,04017-030,São Paulo,SP,Praça Monsenhor Escrivá,875,Jardim São José (Zona Norte)
Patricia,Williams,giovannafreitas@example.org,(94) 72888-3052,31782881638,,04041-000,São Paulo,SP,Rua Nossa Senhora da Ajuda,709,Vila Esperança
Mariana,Miller,richardsbrian@example.org,(11) 28402-1155,99721412686,87495904815265,04041-001,São Paulo,SP,Rua Caetano do Amaral,873,Vila Cruzeiro
Chris,Sharp,austinpowell@example.net,(73) 06424-0604,92009211910,,04041-002,São Paulo,SP,Rua Treze de Maio,393,Bela Vista
Otávio,Lawson,maria-eduardalima@example.net,(46) 55096-3242,15460670357,05319682606186,04041-003,São Paulo,SP,Rua Treze de Maio,177,Bela Vista
Christopher,Herring,silvajoao-gabriel@example.net,(44) 98780-4863,22013991070,,04041-004,São Paulo,SP,Rua Caetano Teixeira,614,Jardim Virginia Bianca
Vinicius,Barros,dennisthomas@example.com,(21) 49181-4233,72702795358,72056092502588,04041-050,São Paulo,SP,Avenida Onze de Junho,537,Vila Clementino
Riley,Moreira,thomasleslie@example.com,(48) 64020-0134,39812031944,,04041-051,São Paulo,SP,Rua Major Gomes Ribeiro,983,Vila Santa Teresa (Zona Leste)
Vitor Hugo,Medina,melissa46@example.com,(28) 67565-9163,07937220716,91439842255785,04041-052,São Paulo,SP,Rua Soldado Paulo Damázio Rola,510,Conjunto Habitacional Marechal Mascarenhas de Morais
Joshua,Souza,caua26@example.org,(84) 79333-4237,95713943607,,04041-053,São Paulo,SP,Rua E,850,Jardim Mar Lune
James,Simon,dbradley@example.net,(81) 63604-8416,66246141293,00658741529629,04041-054,São Paulo,SP,Rua A,33,Cidade Luz
Luigi,Barbosa,ofernandes@example.org,(55) 83539-2563,76620356621,,04041-060,São Paulo,SP,Avenida Onze de Junho,477,Vila Clementino
Carlos Eduardo,Torres,curtis11@example.com,(44) 53988-5399,02281626377,46244724510465,04041-900,São Paulo,SP,Rua Manuel de Almeida,58,Vila Guilherme
Pam,Sullivan,mathewthompson@example.org,(63) 41159-9925,71044787600,,04041-901,São Paulo,SP,Rua Sete de Abril,42,Centro
Natasha,Peixoto,madisonhamilton@example.org,(94) 84959-4877,05526809587,57993905810200,04044-020,São Paulo,SP,Rua Almeida Falcão,98,Jardim Helena
Dorothy,Correia,pedropeixoto@example.com,(54) 42734-8474,70788439162,,04044-060,São Paulo,SP,Rua Major Ângelo Zanchi,692,Penha de França
Maria Fernanda,Price,monroesamuel@example.net,(94) 43743-3790,44311661819,91903855373456,04044-901,São Paulo,SP,Rua Treze de Maio,734,Bela Vista
Caio,Santos,erezende@example.net,(84) 34484-5178,96078992104,,04044-902,São Paulo,SP,Rua Nossa Senhora do Pilar,625,Jardim Trussardi
Stacy,Campos,hnovaes@example.org,(47) 79728-9816,03333467690,40198872404728,04059-010,São Paulo,SP,Rua M,686,Jardim Brasília (Zona Norte)
Isabella,Melo,duncanjohnny@example.com,(73) 41759-2636,19616503715,,04108-130,São Paulo,SP,Rua Soldado Aristides Gouveia,477,Parque Novo Mundo
Sophia,Lopez,carolinanunes@example.org,(18) 10471-5049,23519610302,69043275546250,04124-050,São Paulo,SP,Rua Almeida Lara,30,Jardim da Laranjeira (Zona Leste)
Stephen,Richardson,cardenaskatherine@example.com,(65) 20272-4371,85386773143,,04125-050,São Paulo,SP,Rua Pedro Ortiz,806,Sumarezinho
Sabrina,Booth,vglenn@example.com,(67) 34537-5550,14960599219,81822685356764,04131-040,São Paulo,SP,Rua B,371,Cidade Luz
Calebe,Moraes,johnwolf@example.com,(42) 79940-7899,53333996111,,04131-050,São Paulo,SP,Rua Sete de Abril,968,Centro
Madison,Campos,jessica69@example.com,(96) 50321-8068,87657883626,60068863102472,04131-120,São Paulo,SP,Rua Duque de Caxias,125,Residencial Sol Nascente
Lucas,Dyer,calebeda-paz@example.net,(79) 67043-4170,92819491804,,04142-080,São Paulo,SP,Rua A,845,Jardim Elizabeth
Calebe,Walker,uscott@example.net,(63) 96115-5652,81658274300,11625807625900,04142-081,São Paulo,SP,Rua Rosa de Nossa Senhora,565,Vila Reis
Luiz Felipe,Moreira,marianecardoso@example.com,(33) 93262-8764,24871391299,,04142-082,São Paulo,SP,Rua São Pedro,782,Chácara Gaivotas
Luiz Gustavo,Gonzalez,craiggoodman@example.net,(99) 08461-6745,04326084600,55068023509820,04142-090,São Paulo,SP,Rua Almeida Júnior,937,Jardim Alvorada (Zona Sul)
Carlos Eduardo,Miller,kjesus@example.net,(17) 07129-2642,50186576188,,04142-091,São Paulo,SP,Avenida Onze de Junho,872,Vila Clementino
João Gabriel,das Neves,amandaviana@example.org,(28) 05051-5208,38812226264,41029712110218,04142-092,São Paulo,SP,Rua Rui Rodrigues,410,Cidade Dutra
João Lucas,Nicholson,rafaelaferreira@example.com,(17) 81701-6423,51430516143,,04142-900,São Paulo,SP,Rua Caetano Teixeira,396,Jardim Virginia Bianca
Anthony,Gregory,udavis@example.org,(81) 89072-6961,04880120073,65967062023325,04159-001,São Paulo,SP,Rua Soldado Eleaquim Batista,903,Conjunto Habitacional Marechal Mascarenhas de Morais
Lucas Gabriel,Cunha,mda-mota@example.org,(35) 48072-3410,86099137246,,04159-090,São Paulo,SP,Rua Frutos de Maio,558,Vila Bela
Jerry,Martins,rsilveira@example.org,(43) 18759-6014,93949150951,38883375239090,04163-020,São Paulo,SP,Rua Soldado Wenceslau Firmino,546,Conjunto Habitacional Marechal Mascarenhas de Morais
Luis,Ellis,joao-miguelmoreira@example.org,(89) 40250-6921,88743741274,,04165-030,São Paulo,SP,Rua Nossa Senhora da Luz,31,Vila Gustavo
Maria Clara,Clayton,mathewlawrence@example.com,(71) 34915-4153,62062431171,00263632237822,04177-060,São Paulo,SP,Rua Major Dantas Cortez,818,Vila Gustavo
Marina,Pires,sharijenkins@example.net,(86) 01299-4010,42895484155,,04180-030,São Paulo,SP,Rua Major Almeida Queiroz,292,Instituto de Previdência
Juan,da Rocha,lindawebster@example.net,(35) 24265-0916,38958962097,11467812370330,04182-115,São Paulo,SP,Rua Caetano Miglioli,362,Ipiranga
Katie,Pinto,samuel21@example.com,(37) 22458-0213,46878120071,,04182-125,São Paulo,SP,Rua Curruíra,11,Vila Aurora
Miguel,Pereira,erin03@example.com,(49) 79148-5829,99542439768,13641662023729,04182-135,São Paulo,SP,Rua Soldado Wenceslau Firmino,328,Conjunto Habitacional Marechal Mascarenhas de Morais
Ronnie,Morales,novaesluiz-felipe@example.com,(54) 98800-5926,63171208385,,04183-110,São Paulo,SP,Rua Sete de Abril,518,Centro
Mariana,King,juan22@example.org,(77) 22449-8562,37262122568,58505368721689,04185-090,São Paulo,SP,Rua Treze de Maio,325,Bela Vista
Leonardo,Aragão,mossedward@example.org,(81) 05215-6825,10452247314,,04194-345,São Paulo,SP,Rua Afonso Rui,326,Vila Santa Lúcia
Heloísa,Pinto,pamelaschaefer@example.org,(14) 06688-8119,98134024238,98255967136444,04211-000,São Paulo,SP,Rua Pedro Ruimonte,471,Jardim Heloisa
Sara,Harris,gabrielastafford@example.com,(92) 44152-0041,16288174297,,04211-001,São Paulo,SP,Rua Caetano Lama,289,Conjunto Residencial José Bonifácio
Alana,Cole,williamhanson@example.org,(32) 19558-2412,77082239890,11950307040988,04215-010,São Paulo,SP,Rua B,103,Cidade Luz
Isaac,Moreira,isabellaviana@example.org,(85) 59405-0818,48163889071,,04231-020,São Paulo,SP,Rua Major Ari Gomes,928,Vila Mazzei
Clarice,Webb,hwilliams@example.org,(81) 34578-5130,25000579097,32276860136555,04235-030,São Paulo,SP,Rua Caetanópolis,539,Jaguaré
Clarice,Monteiro,novaesana-carolina@example.net,(84) 05720-7256,85075120970,,04236-030,São Paulo,SP,Rua Major Diogo,565,Bela Vista
Nicole,Simon,evelynrocha@example.org,(38) 26593-0613,36777976833,99191777493071,04236-094,São Paulo,SP,Rua G,813,Jardim Fontalis
Ana Julia,Porto,gutierrezerica@example.net,(96) 64647-6992,12461960003,,04236-250,São Paulo,SP,Rua Seis de Junho,357,Chácara Mafalda
Micheal,Lewis,ana-luiza91@example.net,(64) 08409-7489,95866119307,59183102763039,04256-310,São Paulo,SP,Rua Treze de Maio,606,Jardim Campo Limpo (Zona Norte)
Jennifer,Rubio,monteiroisabella@example.org,(81) 61931-5576,70902864440,,04261-140,São Paulo,SP,Largo Treze de Maio,276,Santo Amaro
Brittany,Medina,rafaelacorreia@example.net,(32) 41092-6503,98246183176,99660446233120,04276-050,São Paulo,SP,Rua Professor Gonzaga Duque,895,Vila Pompéia
Donna,Castro,joseph53@example.com,(66) 82936-0663,15207436708,,04286-080,São Paulo,SP,Rua Bonifácio Ruiz,827,Conjunto Promorar São Luis
Richard,Brown,pda-rosa@example.org,(65) 01087-4288,65414489149,27127210690360,04304-110,São Paulo,SP,Rua Soldado José Wsoek,156,Jardim Japão
Kenneth,Costa,jamie50@example.net,(88) 53528-5081,39689475681,,04304-111,São Paulo,SP,Rua B,530,Jardim Camargo Novo
Nathan,Black,chawkins@example.org,(46) 45696-7309,55679418622,36404591364900,04319-020,São Paulo,SP,Rua Pedro Zonta,484,Jardim Vila Formosa
Cauê,Ribeiro,jimenezandrew@example.com,(97) 44225-5303,75860705395,,04324-045,São Paulo,SP,Rua Marco Ricci,497,Jardim das Imbuias
Enzo Gabriel,Nascimento,brenodas-neves@example.org,(43) 09314-7251,24332705106,57885521239657,04330-000,São Paulo,SP,Rua Major Dantas Cortez,901,Vila Gustavo
Peter,Adkins,smithandre@example.org,(32) 11913-0840,41217896104,,04334-190,São Paulo,SP,Rua Major João Nunes,373,Jardim São Paulo(Zona Norte)
Igor,Nunes,danielperez@example.com,(94) 80386-1686,11430073527,33198223568365,04335-050,São Paulo,SP,Rua Soldado Geraldo Rosa,882,Parque Novo Mundo
Jason,Sales,piresemanuella@example.com,(68) 51578-2132,52865909778,,04336-080,São Paulo,SP,Rua Monsenhor Brandão,78,Vila Palmeiras
Daniel,Pires,qphillips@example.org,(65) 33735-7818,03031148789,73139851165516,04336-090,São Paulo,SP,Rua Marcos Mélega,799,Alto de Pinheiros
Luiz Gustavo,da Cruz,cooperrichard@example.net,(46) 37358-0783,33019366100,,04337-075,São Paulo,SP,Rua D,97,Jardim Limoeiro
Ana Clara,Hamilton,webbsuzanne@example.net,(14) 70029-7825,83246573476,87304374903510,04340-070,São Paulo,SP,Rua Caetano do Amaral,779,Vila Cruzeiro
Victor,Cavalcanti,sandersjill@example.org,(49) 28411-7191,12743518200,,04348-090,São Paulo,SP,Rua Pedro Lembi,428,Vila Maria Baixa
Lorenzo,Price,greenlinda@example.org,(67) 30614-5144,59936689704,27801275413426,04357-100,São Paulo,SP,Avenida Duquesa de Goiás,132,Real Parque
William,Cunha,gsmith@example.net,(68) 75304-9714,80490884806,,04357-900,São Paulo,SP,Rua Major Sertório,68,Vila Buarque
Victoria,Viana,spham@example.org,(88) 01732-2498,80883814447,99970797435601,04358-030,São Paulo,SP,Rua A,75,Cidade Luz
Pedro Miguel,Williams,ffinley@example.org,(63) 73498-9444,95736749203,,04379-050,São Paulo,SP,Rua Caetano Pero Neto,299,Jardim Porteira Grande
Jamie,Ribeiro,gregoryneal@example.net,(42) 02168-8065,60714538442,26078835974934,04387-330,São Paulo,SP,Rua Sete de Abril,577,Centro
Gustavo Henrique,Correia,fordjessica@example.org,(12) 10551-7948,05166494008,,04405-280,São Paulo,SP,Rua Soldado Hamilton Silva Costa,642,Parque Novo Mundo
Maitê,Rogers,lgarcia@example.com,(95) 28062-2071,27563362118,82635474026300,04412-120,São Paulo,SP,Rua Dias de Almeida,545,Jardim Miriam
Garrett,Wagner,amanda15@example.com,(31) 54161-9597,08984662887,,04417-040,São Paulo,SP,Rua João de Almeida,667,Tatuapé
Stephanie,Shaffer,maria-eduardada-cruz@example.com,(62) 95916-9151,38703179737,54879235194573,04419-000,São Paulo,SP,Rua B,655,Cidade Ipava
Clarice,Wilson,ngomes@example.net,(32) 65702-2011,27238825511,,04432-040,São Paulo,SP,Rua Marconi,114,Centro
Augusto,Nascimento,vitor79@example.com,(32) 40148-7178,55406462822,29623237572686,04432-070,São Paulo,SP,Rua Pedro Meira,293,Vila Curuçá
Miguel,Pinto,da-rochafernanda@example.org,(96) 77078-7145,40713141336,,04437-130,São Paulo,SP,Rua André de Almeida,746,Cidade São Mateus
Gabriela,Pruitt,christopher51@example.org,(77) 99009-8797,99246084705,73011770593414,04458-140,São Paulo,SP,Rua Pedro Leite,322,Jardim Lídia
João,Cardoso,ofuentes@example.com,(45) 55921-1573,99295964292,,04464-150,São Paulo,SP,Rua Rui Diaz Gusmão,752,Jardim Nélia
Maria,Silveira,andreamartin@example.org,(35) 20348-4899,73640264363,44757757287040,04467-285,São Paulo,SP,Rua Soldado Eleaquim Batista,733,Conjunto Habitacional Marechal Mascarenhas de Morais
Francisco,Dias,christinehall@example.com,(62) 62673-8799,97693873716,,04467-290,São Paulo,SP,Rua Treze de Maio,949,Bela Vista
Lucas Gabriel,Lee,derekmartin@example.com,(68) 85158-2532,68414675824,32081173307818,04470-037,São Paulo,SP,Rua Caetano Carlini,173,Vila União (Zona Leste)
Ana Luiza,Leonard,caldeiramarcelo@example.com,(24) 63189-9142,79991942475,,04472-070,São Paulo,SP,Rua Almeida Lara,395,Jardim da Laranjeira (Zona Leste)
André,Araújo,adriana09@example.com,(83) 36567-4064,35749166988,11953423207324,04472-185,São Paulo,SP,Rua Sete de Abril,695,Centro
Rafaela,Duarte,aragaoisaac@example.org,(82) 49547-1084,17564027010,,04473-275,São Paulo,SP,Rua Pedro Lembi,411,Vila Maria Baixa
Erick,Hunter,rachaeljones@example.org,(33) 85637-1910,67725987924,29735964273131,04474-310,São Paulo,SP,Rua Curruíra,931,Vila Aurora
Brandi,da Paz,kristinreed@example.com,(48) 70071-7706,63152097000,,04476-265,São Paulo,SP,Rua Vinte e Quatro de Outubro,439,Vila Dom Pedro I
Amy,Jones,andre87@example.com,(64) 54596-9143,03745016530,26263565441526,04501-010,São Paulo,SP,Rua Marco Bertuolo,925,Vila das Mercês
Zachary,Mccullough,bcampos@example.com,(46) 44150-2144,70153360224,,04513-080,São Paulo,SP,Rua Rui Amaral Lemos,956,Vila Dalva
Donald,Baldwin,jamesmclean@example.org,(48) 57465-2842,92994281317,51617213225876,04513-900,São Paulo,SP,Rua Marcos Polaio,119,Vila Santa Maria
Justin,Ferreira,wadesean@example.net,(81) 14171-9185,83609098490,,04513-901,São Paulo,SP,Rua Caetano Teixeira,128,Jardim Virginia Bianca
Robert,Azevedo,jessicastephenson@example.org,(99) 82069-6053,26486784849,22615970730531,04517-020,São Paulo,SP,Rua Pedro Zonta,208,Jardim Vila Formosa
Jessica,Monteiro,lcosta@example.org,(94) 55794-4803,94981822219,,04546-030,São Paulo,SP,Rua Caetano Miglioli,274,Ipiranga
Enzo Gabriel,Gibbs,hbrewer@example.org,(45) 50390-8222,66922878710,30223790312374,04605-010,São Paulo,SP,Rua Marcos Arruda,259,Catumbi
Lisa,da Cunha,joaquimbarros@example.net,(34) 99766-0414,04894869241,,04612-120,São Paulo,SP,Rua Ursa Maior,989,Cidade Satélite Santa Bárbara
Marie,Wright,eloah23@example.com,(16) 30696-8136,22405291568,96591123479567,04621-030,São Paulo,SP,Rua Soldado Paulo Damázio Rola,591,Conjunto Habitacional Marechal Mascarenhas de Morais
Carolyn,Nogueira,joao-miguel36@example.net,(89) 33394-5164,59704046081,,04645-040,São Paulo,SP,Rua André de Almeida,35,Cidade São Mateus
Sharon,Johnson,gsmith@example.org,(68) 59023-0172,33204442128,45320074875433,04648-280,São Paulo,SP,Rua Caetano Menino,517,Jardim Guarapiranga
Jacqueline,Pires,carolbrennan@example.com,(12) 64861-9538,74991346878,,04655-020,São Paulo,SP,Vila Vinte e Um de Abril,922,Brás
Kara,Rocha,sarah97@example.org,(45) 72678-9835,74586254220,56004958807319,04655-060,São Paulo,SP,Rua Seis de Janeiro,186,Jardim Colibri
Juan,Henderson,gcastro@example.net,(24) 95294-9334,72293928888,,04658-040,São Paulo,SP,Rua do Tom Maior,224,Jardim Santa Margarida
Isis,Teixeira,da-cunhamarina@example.net,(96) 50639-1512,25392790585,98473753352813,04658-080,São Paulo,SP,Rua Vinte e Cinco de Outubro,885,Parque Casa de Pedra
Rachel,Moreira,denise99@example.net,(96) 65685-5635,53599437181,,04660-090,São Paulo,SP,Rua G,601,Jardim Mar Lune
Maria,Castro,santosfernando@example.com,(32) 37073-2665,81389935299,24520789862562,04663-180,São Paulo,SP,Rua Ursa Maior,523,Cidade Satélite Santa Bárbara
James,Freitas,lcampos@example.org,(55) 58234-6054,44105442848,,04671-160,São Paulo,SP,Rua Major Ari Gomes,541,Vila Mazzei
Kristy,Fernandes,mbarbosa@example.org,(45) 57190-6555,13807701818,41603245957100,04671-902,São Paulo,SP,Rua Noite de Maio,222,Conjunto Promorar Sapopemba
Diogo,Brock,johnsonkara@example.com,(91) 01719-1879,97978379639,,04671-905,São Paulo,SP,Rua Pedro Feres,951,Água Branca
Larry,Riley,fernandesluiz-gustavo@example.org,(45) 93877-3297,62726660711,06003560545689,04692-030,São Paulo,SP,Avenida Bosque da Saúde,651,Saúde
Cynthia,Daniel,kmartinez@example.org,(18) 57330-8294,88576224798,,04703-030,São Paulo,SP,Rua Fausto Delduque,707,Campo Belo
Laura,Rasmussen,ryan57@example.org,(16) 24835-7585,82709223074,08388394932214,04727-030,São Paulo,SP,Rua Vinte e Um de Abril,462,Jardim Novo Pantanal
Amanda,Freitas,pbarbosa@example.net,(93) 24948-8643,26479814266,,04742-010,São Paulo,SP,Rua Pedro Anes,355,Vila dos Remédios
Joseph,Thompson,blima@example.org,(53) 53285-4055,79983861429,02217676127230,04748-020,São Paulo,SP,Rua Marcos Lopes,497,Vila Nova Conceição
Jennifer,Fogaça,pcardoso@example.org,(44) 73774-3646,09811271500,,04751-000,São Paulo,SP,Rua Sete de Abril,187,Parque Primavera
Ana Carolina,Peixoto,montesjoseph@example.org,(61) 33641-5906,84896811127,65790729614640,04751-900,São Paulo,SP,Rua Major Ari Gomes,885,Vila Mazzei
Sophie,Simpson,smithtimothy@example.com,(73) 93518-2212,90583088805,,04751-901,São Paulo,SP,Rua do Bosque,253,Barra Funda
Juan,Melo,anthonymullins@example.net,(77) 82165-7651,37302138818,84201208750400,04753-120,São Paulo,SP,Rua Soldado Paulo Damázio Rola,237,Conjunto Habitacional Marechal Mascarenhas de Morais
Daniela,Gonçalves,zgoncalves@example.com,(31) 48452-6711,41205238379,,04776-050,São Paulo,SP,Rua Pedro Roget,908,Jardim Vivan
Juliana,Chase,xsilva@example.net,(14) 08203-5340,91473466636,74995926049612,04781-040,São Paulo,SP,Praça Sete de Fevereiro,911,Vila Formosa
Marcelo,Green,acooper@example.org,(84) 90003-3224,24813037682,,04785-080,São Paulo,SP,Rua Caetano Mero,35,Vila Constança
Mary,Fogaça,fporto@example.org,(54) 78046-9186,70317596764,58119448869504,04786-060,São Paulo,SP,Rua Giovanni Maio,972,Balneário Mar Paulista
Donna,Pires,da-cunhamaria-eduarda@example.net,(11) 32770-1386,42250524432,,04788-200,São Paulo,SP,Rua Rui Barbosa,884,Parque Guaianazes
Luiz Fernando,Johnson,tvelasquez@example.net,(82) 30870-8940,34712959258,83544465651662,04802-210,São Paulo,SP,Rua Primeiro de Janeiro,475,Vila Clementino
Joann,Smith,kevinharris@example.net,(89) 89326-7613,36272024304,,04807-050,São Paulo,SP,Rua Suruí,218,Vila Gomes Cardim
Letícia,da Mota,ncarter@example.net,(18) 18098-2948,86067260794,32439100528436,04812-060,São Paulo,SP,Rua Galeno de Almeida,406,Pinheiros
Ryan,Nascimento,tfogaca@example.com,(68) 35073-9619,20519028287,,04813-070,São Paulo,SP,Rua Almeida Mercês,86,Tremembé
Misty,Costa,michele30@example.com,(28) 41617-4390,31477357459,08565603837697,04813-300,São Paulo,SP,Rua Marcos Plenciz,657,Jardim Lucélia
Maitê,da Mota,tda-rocha@example.net,(33) 79880-8939,97378773301,,04814-165,São Paulo,SP,Viela São Caetano,128,Chácara Gaivotas
Cauê,Wilson,leonardo73@example.com,(53) 11240-7605,10128567716,85199550413218,04814-195,São Paulo,SP,Rua Domitilia D'Abril,1,Cidade Nova São Miguel
Christopher,Reynolds,mackbonnie@example.com,(68) 71842-3913,71715993373,,04829-190,São Paulo,SP,Rua Pedro Alba,971,Jardim Elisa Maria
Brenda,Haynes,mary77@example.org,(67) 00477-8860,17525431574,82905557210106,04830-390,São Paulo,SP,Vila São Pedro,270,Santana
Henrique,Gomez,ana-julia50@example.net,(67) 10997-9561,24123194214,,04844-520,São Paulo,SP,Rua Rui Diaz Gusmão,986,Jardim Nélia
Brenda,Nichols,xwallace@example.net,(16) 76087-1357,76840882462,73431137054932,04846-510,São Paulo,SP,Rua Monsenhor Pizzaro,900,Cidade Nova Heliópolis
Mariana,Velazquez,marcos-vinicius46@example.net,(84) 02223-8641,66776356432,,04849-304,São Paulo,SP,Rua Nossa Senhora da Saude,88,Vila das Mercês
Ana Beatriz,Azevedo,nogueiraandre@example.com,(15) 24666-0638,16746584194,19184267045710,04849-307,São Paulo,SP,Rua Nossa Senhora da Lapa,410,Lapa
Edward,Gonçalves,levinepamela@example.com,(63) 27173-5679,67266801397,,04849-309,São Paulo,SP,Rua Marcos Parente,800,Vila Santana
Laura,Silva,ccosta@example.org,(93) 66848-5025,79831224388,81492288483102,04849-314,São Paulo,SP,Rua Professor Gonzaga Duque,249,Vila Pompéia
Manuela,Santos,xhahn@example.com,(87) 32238-8429,14184419372,,04849-315,São Paulo,SP,Praça Três de Outubro,136,Vila Siqueira (Zona Norte)
Milena,da Cunha,xmiller@example.com,(49) 11375-3111,71561961701,66081467147996,04849-321,São Paulo,SP,Travessa Maiobá,268,Americanópolis
Antonio,Pereira,yporto@example.org,(32) 91965-4904,43076840525,,04849-322,São Paulo,SP,Rua Primeiro de Maio,108,Cantinho do Céu
Stephanie,Wilson,bradley45@example.com,(81) 48961-2942,82075719853,83626391873770,04849-334,São Paulo,SP,Rua Lírios Maio,443,Conjunto Habitacional Instituto Adventista
Alexis,Wilson,johnrodriguez@example.net,(11) 91057-5194,19469621638,,04849-529,São Paulo,SP,Rua Soldado Francisco Vitoriano,691,Parque Novo Mundo
Leonardo,Silva,enzo-gabriel33@example.com,(15) 18118-7017,22157613501,91137433844550,04849-542,São Paulo,SP,Rua E,889,Jardim Mar Lune
Douglas,Bailey,osbornbrian@example.com,(22) 67426-6758,73708160100,,04849-556,São Paulo,SP,Rua Aída de Marco,728,Jardim das Oliveiras
Marcia,Schneider,christinagarcia@example.net,(17) 80393-8574,99889454424,70111306465918,04849-562,São Paulo,SP,Rua Manoel Duque de Carvalho,709,Jardim São Benedito
Enzo,Reed,gpreston@example.net,(19) 67887-0799,87335161622,,04849-650,São Paulo,SP,Rua Irma Leonie Duquet,49,Jardim Alto Alegre (São Rafael)
João Guilherme,Harris,daniel10@example.org,(35) 10169-2166,13418016677,89643305544737,04851-523,São Paulo,SP,Rua Vinte e Seis de Abril,184,Vila Esperança
Maria Vitória,Melo,araujoyuri@example.org,(89) 99979-5987,98320299101,,04852-040,São Paulo,SP,Praça Dia do Senhor,672,Ibirapuera
Robert,Fogaça,joao-miguel65@example.net,(14) 97122-9400,72269662040,85330478408565,04852-212,São Paulo,SP,Rua Soldado Benedito Patrício,971,Parque Novo Mundo
Heitor,Freitas,deborah34@example.org,(16) 78887-2242,43247573054,,04852-410,São Paulo,SP,Rua Ursa Maior,931,Cidade Satélite Santa Bárbara
Rodrigo,Ribeiro,vsanchez@example.org,(14) 61496-3650,53025939397,14517709881196,04853-100,São Paulo,SP,Avenida Bosque da Saúde,362,Saúde
Matthew,Sanchez,joao-vitor22@example.com,(22) 87792-2526,04436728145,,04854-240,São Paulo,SP,Rua Major Quedinho,675,Centro
Paulo,Torres,nascimentoamanda@example.net,(95) 34757-5313,37340421432,27070753068603,04855-610,São Paulo,SP,Rua Sete de Abril,992,Centro
Marcela,Rivers,anovaes@example.com,(14) 92916-2188,95440353038,,04855-620,São Paulo,SP,Rua Treze de Maio,990,Bela Vista
Maria Julia,Melo,pdias@example.net,(86) 99290-9962,25705571100,67117453360030,04855-630,São Paulo,SP,Travessa Particular Vinte e Nove de Janeiro,54,Jardim Lourdes
Stephany,Rich,emillyramos@example.net,(74) 44280-2119,63333446219,,04855-640,São Paulo,SP,Rua Treze de Maio,190,Bela Vista
Nicole,Cavalcanti,mmurray@example.org,(83) 50298-4133,14584297762,53127264505880,04856-220,São Paulo,SP,Avenida Bosque da Saúde,342,Saúde
Cameron,Wells,bgreen@example.com,(88) 09465-4910,57557256247,,04856-565,São Paulo,SP,Rua Sete de Abril,282,Centro
André,Lopez,nicholas22@example.net,(55) 86752-1923,14737027715,54141402505920,04859-220,São Paulo,SP,Rua Treze de Maio,634,Bela Vista
John,Watson,laurali@example.org,(95) 74617-5610,38625402275,,04866-200,São Paulo,SP,Rua Major Freire,599,Vila Monte Alegre
Nina,Spears,cunhabryan@example.org,(49) 77302-6690,80720930375,57666241139602,04866-245,São Paulo,SP,Rua Caetano do Amaral,838,Vila Cruzeiro
Cauã,Davis,cardosomilena@example.org,(33) 81146-0047,16011004857,,04872-115,São Paulo,SP,Rua Corruira,25,Vila Nova Jaguaré
Timothy,Martin,normanabigail@example.com,(99) 37865-8275,19366937128,55380682470160,04872-117,São Paulo,SP,Rua A,710,Jardim Amália
Milena,Monteiro,salazarjeanne@example.org,(54) 27674-9019,69210509986,,04874-120,São Paulo,SP,Vila Trinta de Outubro,848,Quarta Parada
Nina,Oliveira,gabriellymelo@example.net,(83) 07437-5033,57504724939,47379510138969,04874-150,São Paulo,SP,Rua Rainha-do-Bosque,417,Vila Santa Inês
Benjamin,Montgomery,hcollier@example.net,(13) 58191-4325,59202516545,,04874-180,São Paulo,SP,Travessa Major Brito,849,Vila Gomes Cardim
Christopher,Nunes,josephtorres@example.net,(65) 29587-9841,85528441684,27044995527074,04874-190,São Paulo,SP,Rua Flor de Maio,698,Jardim Flor de Maio
Olivia,Gomes,gramos@example.net,(93) 81655-9826,50310813093,,04874-210,São Paulo,SP,Rua Pedro Ortiz,292,Sumarezinho
Antônio,Hodges,oaraujo@example.org,(11) 04840-8329,58987551601,54015894628820,04877-115,São Paulo,SP,Rua Monsenhor Passos,31,Sumarezinho
Eduarda,Harrison,lorifleming@example.net,(77) 10281-6106,44748545194,,04877-265,São Paulo,SP,Avenida Duquesa de Goiás,369,Real Parque
Zachary,Calhoun,raquelrezende@example.com,(53) 06268-4650,15321913404,33988841842303,04877-270,São Paulo,SP,Rua Maiorca,825,Jardim São Bento Novo
Robert,Garner,emanuellycardoso@example.org,(31) 48887-4179,29006733644,,04877-276,São Paulo,SP,Rua Marco Gagliano,24,Americanópolis
Charles,Barbosa,robertskenneth@example.com,(51) 58985-4470,46858630970,55296010036722,04877-278,São Paulo,SP,Rua Pedro Canal,368,Vila Gil
Madeline,Pierce,danielribeiro@example.org,(64) 88507-6429,11066702721,,04877-284,São Paulo,SP,Rua Sete de Abril,981,Centro
Isabel,Teixeira,danielaribeiro@example.com,(49) 87238-4386,45306900240,52371669107745,04891-230,São Paulo,SP,Viaduto Onze de Junho,526,Vila Clementino
Nancy,Hale,da-rochaeduardo@example.net,(31) 22706-3746,87611190679,,04891-320,São Paulo,SP,Rua Nossa Senhora da Lapa,691,Lapa
Sandy,Rosales,isisrezende@example.org,(31) 27624-2187,72228690341,57257456678376,04892-971,São Paulo,SP,Avenida Bosque da Saúde,69,Saúde
Melissa,Farias,lanedarlene@example.net,(13) 16566-0001,59299063940,,04893-465,São Paulo,SP,Rua Marcos Lopes,447,Vila Nova Conceição
Mary,Freitas,dlong@example.net,(91) 73735-0702,83345129299,64096400211681,04894-425,São Paulo,SP,Avenida Bosque da Saúde,518,Saúde
Maria Clara,Morris,almeidavitoria@example.net,(51) 91309-2898,17917544060,,04896-060,São Paulo,SP,Rua Pedro Bloch,709,Jardim Nelia IV
